Sample;usb;batterie;usb_batterie
1;193044;191506;192023
2;193066;191485;191908
3;193256;191521;191957
4;193114;191393;191873
5;193114;191455;191936
6;193074;191410;191917
7;193061;191409;192012
8;193043;191349;191981
9;193071;191413;192006
10;193097;191426;191871
11;193017;191518;191803
12;192969;191403;191815
13;193019;191386;191952
14;193070;191411;191923
15;192989;191375;191954
16;193037;191413;191917
17;193026;191480;191988
18;192998;191408;191932
19;192973;191347;191934
20;192918;191429;191848
21;192936;191299;191859
22;192997;191418;191919
23;192997;191381;191839
24;192970;191401;191898
25;193017;191499;191845
26;192997;191464;191879
27;193076;191413;191938
28;193215;191403;191966
29;193164;191380;191918
30;193163;191346;191740
31;193106;191443;191699
32;193124;191462;191757
33;193056;191367;191739
34;193086;191379;191833
35;193026;191413;191869
36;193105;191461;191778
37;193075;191439;191810
38;193123;191537;191914
39;193116;191414;191923
40;193177;191454;191978
41;193160;191413;191940
42;193111;191461;191859
43;193060;191404;191976
44;193014;191359;192052
45;193088;191345;192033
46;192974;191338;192125
47;193011;191382;192019
48;193039;191281;192104
49;193090;191400;192101
50;193098;191377;192061
51;193126;191409;192129
52;193121;191510;192098
53;193158;191470;192097
54;193051;191405;192166
55;193010;191400;192114
56;193069;191465;192140
57;193127;191482;192121
58;193070;191408;191998
59;193069;191482;191982
60;192923;191423;191920
61;192944;191483;191931
62;192987;191495;191937
63;192928;191553;191990
64;192957;191449;191982
65;192963;191548;191988
66;193149;191401;192014
67;193208;191379;192015
68;193109;191535;191994
69;193088;191575;192052
70;193142;191447;192195
71;193095;191553;192195
72;193066;191519;192147
73;193073;191479;192155
74;193096;191552;192148
75;192952;191497;192179
76;193020;191381;192196
77;193011;191513;192252
78;193117;191519;192283
79;193134;191464;192215
80;193123;191592;192231
81;193226;191684;192299
82;193306;191681;192392
83;193295;191588;192287
84;193439;191556;192293
85;193310;191552;192249
86;193310;191664;192246
87;193555;191658;192213
88;193522;191596;192142
89;193555;191777;192231
90;193643;191720;192381
91;193478;191667;192320
92;193640;191732;192393
93;193536;191723;192377
94;193560;191805;192311
95;193521;191738;192371
96;193566;191726;192352
97;193478;191761;192401
98;193415;191794;192356
99;193405;191776;192483
100;193553;191724;192417
101;193509;191836;192378
102;193569;191872;192407
103;193553;191731;192401
104;193506;191732;192441
105;193452;191827;192383
106;193524;191777;192454
107;193520;191740;192493
108;193579;191701;192535
109;193531;191713;192532
110;193697;191835;192593
111;193738;191812;192660
112;193782;191802;192711
113;193744;191871;192714
114;193716;191772;192747
115;193709;191809;192721
116;193664;191736;192673
117;193709;191920;192674
118;193750;191903;192815
119;193648;191945;192708
120;193604;191940;192751
121;193738;191953;192612
122;193643;191983;192599
123;193725;192047;192585
124;193660;192113;192742
125;193589;192001;192815
126;193555;192067;192814
127;193643;192051;192719
128;193637;192015;192821
129;193642;192140;192842
130;193664;192097;192901
131;193696;192087;192880
132;193750;192026;192759
133;193795;192009;192755
134;193865;192081;192893
135;193973;192101;192814
136;193986;192057;192866
137;194099;192097;192896
138;194016;192160;193008
139;194146;192068;192945
140;194125;192134;192975
141;194186;192140;192993
142;194245;192066;192989
143;194284;192186;192936
144;194141;192165;192958
145;194287;192158;192966
146;194167;192186;193026
147;194280;192188;193003
148;194195;192007;193042
149;194198;191980;193193
150;194163;192153;193176
151;194298;192288;193200
152;194179;192073;193249
153;194268;192146;193212
154;194245;192040;193248
155;194232;192175;193159
156;194152;192111;193162
157;194179;192265;193278
158;194288;192217;193133
159;194197;192303;193130
160;194341;192397;193255
161;194331;192347;193241
162;194346;192392;193185
163;194239;192400;193329
164;194494;192376;193417
165;194371;192432;193470
166;194447;192420;193340
167;194456;192396;193460
168;194508;192358;193418
169;194591;192456;193350
170;194473;192406;193446
171;194561;192378;193562
172;194554;192376;193486
173;194693;192487;193475
174;194658;192477;193472
175;194695;192560;193573
176;194649;192530;193552
177;194687;192550;193705
178;194734;192548;193748
179;194622;192681;193783
180;194720;192596;193809
181;194683;192715;193717
182;194734;192715;193825
183;194744;192691;193871
184;194809;192598;193828
185;194851;192577;193839
186;194803;192577;193777
187;194834;192611;193874
188;194884;192654;193822
189;194832;192709;193744
190;194747;192731;193840
191;194854;192817;193823
192;194945;192974;193843
193;194963;192922;193945
194;195004;192912;193875
195;194968;192971;193894
196;195088;192937;193942
197;195063;192905;194124
198;195082;192898;194106
199;195138;192944;194059
200;195201;192963;194041
201;195070;193047;194123
202;195155;193037;194292
203;195281;193054;194317
204;195158;192995;194334
205;195160;193065;194257
206;195253;193158;194317
207;195292;193050;194406
208;195275;193051;194427
209;195263;193099;194355
210;195386;193128;194346
211;195351;193090;194359
212;195331;193121;194312
213;195376;193209;194334
214;195364;193203;194377
215;195288;193223;194471
216;195286;193212;194490
217;195369;193306;194518
218;195477;193377;194682
219;195501;193419;194618
220;195421;193424;194765
221;195677;193391;194522
222;195547;193372;194594
223;195579;193301;194555
224;195539;193408;194599
225;195522;193412;194579
226;195558;193459;194631
227;195620;193375;194662
228;195688;193445;194709
229;195594;193513;194641
230;195643;193499;194674
231;195656;193444;194753
232;195643;193477;194807
233;195733;193500;194848
234;195712;193643;194722
235;195776;193632;194696
236;195761;193576;194730
237;195862;193632;194759
238;195871;193533;194847
239;195964;193589;195023
240;195871;193644;195092
241;195833;193623;194976
242;195855;193693;195077
243;195712;193689;194980
244;195836;193701;194966
245;195834;193760;195113
246;195887;193738;195116
247;195864;193764;195107
248;195837;193689;195120
249;195915;193689;195121
250;195845;193777;195123
251;195911;193867;195278
252;195951;193861;195265
253;196046;193787;195344
254;196081;193848;195334
255;196142;193915;195384
256;195962;193938;195339
257;196001;193906;195393
258;196092;193819;195511
259;196059;193909;195527
260;196031;193957;195541
261;195980;194012;195456
262;195945;194004;195521
263;195925;193950;195439
264;196044;193957;195336
265;196076;194218;195451
266;196157;194150;195546
267;196249;194073;195624
268;196192;194057;195547
269;196237;194172;195626
270;196282;194201;195570
271;196311;194194;195633
272;196458;194227;195689
273;196493;194134;195685
274;196467;194159;195698
275;196539;194143;195756
276;196526;194236;195675
277;196609;194251;195631
278;196575;194417;195664
279;196724;194245;195712
280;196653;194242;195753
281;196675;194293;195716
282;196755;194293;195774
283;196862;194274;195798
284;196765;194392;195813
285;196761;194355;195771
286;196686;194232;195831
287;196791;194359;195872
288;196732;194350;195916
289;196837;194386;195990
290;196771;194294;195997
291;196779;194366;196063
292;196847;194403;196000
293;196887;194534;196049
294;196858;194537;196063
295;196808;194519;196092
296;196744;194424;196193
297;196875;194450;196176
298;196795;194551;196162
299;196926;194618;196235
300;196894;194646;196223
301;196775;194620;196206
302;196916;194719;196313
303;196960;194650;196376
304;196911;194532;196359
305;196964;194760;196431
306;196887;194779;196409
307;196877;194842;196353
308;196957;194766;196464
309;196925;194873;196544
310;196961;194819;196540
311;196905;194872;196742
312;196931;194830;196862
313;197062;194819;196739
314;197068;194860;196677
315;197096;194977;196828
316;197071;194929;196796
317;197260;194893;196715
318;197240;194874;196741
319;197227;194911;196739
320;197248;194935;196816
321;197312;194963;196865
322;197300;195030;196875
323;197312;194995;196913
324;197382;195103;196853
325;197177;195193;196864
326;197243;195194;196877
327;197278;195156;196969
328;197307;195119;197044
329;197486;195176;196964
330;197418;195310;197102
331;197433;195166;197195
332;197501;195222;197198
333;197491;195284;197242
334;197628;195421;197185
335;197540;195275;197212
336;197510;195350;197411
337;197602;195333;197384
338;197636;195319;197352
339;197655;195376;197467
340;197633;195357;197429
341;197670;195488;197450
342;197805;195299;197474
343;197791;195359;197526
344;198017;195476;197629
345;197854;195455;197546
346;197883;195440;197519
347;197754;195458;197510
348;197841;195429;197455
349;197959;195490;197469
350;197946;195408;197522
351;197889;195471;197479
352;197907;195538;197502
353;197950;195454;197573
354;197952;195445;197558
355;197943;195602;197653
356;197945;195534;197705
357;197826;195664;197673
358;198036;195621;197623
359;198070;195644;197710
360;198129;195692;197626
361;197996;195742;197669
362;198177;195719;197718
363;198223;195823;197830
364;198193;195772;197834
365;198108;195766;197914
366;198224;195769;197832
367;198140;195753;197885
368;198107;195731;197915
369;198114;195643;197980
370;198220;195680;197993
371;198327;195757;197918
372;198242;195765;198072
373;198388;195870;197997
374;198466;195853;198129
375;198548;195970;198077
376;198472;196019;198091
377;198464;195936;198239
378;198331;195991;198142
379;198472;196158;198118
380;198415;196177;198397
381;198403;196141;198228
382;198349;196196;198234
383;198331;196130;198382
384;198476;196229;198448
385;198502;196092;198315
386;198379;196176;198378
387;198358;196083;198435
388;198322;196054;198526
389;198537;196053;198663
390;198391;196188;198709
391;198432;196147;198691
392;198521;196139;198689
393;198588;196111;198650
394;198585;196200;198677
395;198655;196185;198694
396;198592;196225;198743
397;198707;196345;198706
398;198729;196362;198786
399;198740;196369;198760
400;198698;196290;198805
401;198670;196368;198851
402;198871;196438;198859
403;198949;196337;198848
404;198929;196327;198857
405;198951;196320;198749
406;199021;196384;198795
407;198937;196485;198808
408;198943;196571;198868
409;199030;196628;198993
410;199107;196527;198972
411;199144;196606;198873
412;199110;196632;198925
413;199135;196515;198902
414;199191;196531;199032
415;199119;196533;199112
416;199204;196530;199125
417;199135;196448;199184
418;199344;196648;199209
419;199400;196595;199173
420;199333;196615;199320
421;199256;196653;199176
422;199331;196722;199184
423;199268;196714;199194
424;199222;196777;199161
425;199239;196670;199326
426;199090;196802;199220
427;199211;196806;199315
428;199306;196815;199416
429;199373;196731;199369
430;199349;196778;199300
431;199428;196808;199415
432;199596;196823;199502
433;199667;196863;199368
434;199580;197035;199477
435;199689;196953;199471
436;199566;197009;199435
437;199561;196990;199546
438;199521;197122;199504
439;199538;197051;199588
440;199516;196972;199588
441;199598;197025;199654
442;199522;196958;199758
443;199498;196969;199804
444;199620;197019;199812
445;199606;196978;199873
446;199585;196962;199844
447;199603;197042;199943
448;199612;197113;199926
449;199671;197106;199938
450;199736;197023;199925
451;199713;197061;199976
452;199678;196981;200010
453;199888;197095;199925
454;199784;197099;199937
455;199945;197084;200050
456;199809;197022;199938
457;199849;197069;199993
458;199945;197028;200037
459;200049;197148;200077
460;200173;197214;200065
461;200085;197228;200109
462;200338;197366;200158
463;200192;197285;200134
464;200309;197340;200144
465;200249;197298;200193
466;200257;197294;200279
467;200275;197282;200268
468;200226;197327;200280
469;200258;197378;200345
470;200117;197310;200385
471;200313;197243;200413
472;200227;197381;200403
473;200219;197385;200515
474;200219;197490;200376
475;200257;197493;200285
476;200340;197469;200258
477;200425;197426;200371
478;200526;197473;200449
479;200338;197492;200376
480;200573;197582;200421
481;200575;197677;200487
482;200534;197602;200411
483;200493;197647;200408
484;200489;197628;200377
485;200643;197795;200374
486;200605;197780;200460
487;200737;197826;200601
488;200726;197793;200434
489;200778;197758;200500
490;200834;197763;200576
491;200829;197909;200624
492;200933;197883;200628
493;200977;197842;200664
494;200970;197828;200578
495;200874;197943;200712
496;201018;197949;200750
497;201001;197844;200834
498;200971;198004;200789
499;200965;198081;200850
500;200879;197990;200833
501;200837;197887;200820
502;200837;197869;200822
503;200810;197974;200764
504;200712;197940;200853
505;200992;197895;200890
506;200928;197863;201006
507;200954;197969;201033
508;200939;197904;200858
509;201069;197924;200894
510;201035;198004;200887
511;201176;198088;200939
512;201128;197964;201093
513;201110;198152;201082
514;201297;198284;201179
515;201300;198221;201197
516;201427;198128;201319
517;201421;198225;201279
518;201289;198263;201323
519;201293;198149;201289
520;201252;198122;201321
521;201307;198214;201238
522;201292;198254;201369
523;201301;198195;201518
524;201142;198300;201392
525;201186;198229;201485
526;201121;198400;201365
527;201140;198390;201436
528;201197;198382;201436
529;201204;198462;201436
530;201340;198379;201436
531;201298;198296;201450
532;201341;198170;201521
533;201341;198284;201623
534;201388;198389;201514
535;201407;198417;201661
536;201561;198512;201659
537;201452;198403;201609
538;201447;198440;201597
539;201364;198386;201743
540;201614;198463;201689
541;201559;198431;201691
542;201562;198469;201582
543;201458;198533;201657
544;201565;198477;201690
545;201661;198468;201775
546;201757;198401;201692
547;201625;198581;201727
548;201579;198384;201786
549;201570;198503;201737
550;201505;198530;201784
551;201683;198593;201723
552;201742;198522;201785
553;201768;198613;201758
554;201827;198770;201749
555;201859;198667;201788
556;201855;198694;201907
557;201898;198831;201859
558;201982;198811;201963
559;201948;198900;202026
560;202057;198826;201808
561;201957;198797;201895
562;202103;198843;201828
563;202085;198878;201875
564;202039;198902;201973
565;202109;198963;201834
566;202154;198953;201987
567;202027;198872;201967
568;201955;198991;201997
569;202007;198988;201980
570;202079;199037;202035
571;201929;199016;202068
572;202015;199049;202129
573;201983;199055;202193
574;202058;199141;202288
575;202000;199142;202191
576;202062;199166;202253
577;202077;199094;202331
578;202112;199044;202347
579;202087;199158;202313
580;202115;199087;202405
581;202168;199147;202397
582;202113;199211;202338
583;202085;199156;202172
584;202087;199151;202108
585;202105;199166;202133
586;202064;199107;202142
587;202195;199112;202312
588;202160;199169;202403
589;202176;199244;202364
590;202208;199245;202355
591;202351;199266;202319
592;202473;199288;202235
593;202471;199296;202402
594;202446;199191;202399
595;202532;199291;202405
596;202518;199284;202529
597;202615;199326;202432
598;202632;199296;202477
599;202514;199244;202514
600;202459;199352;202540
601;202400;199411;202496
602;202424;199385;202624
603;202343;199505;202629
604;202410;199378;202563
605;202489;199281;202685
606;202533;199389;202668
607;202570;199351;202543
608;202585;199363;202654
609;202600;199491;202603
610;202676;199395;202755
611;202588;199497;202731
612;202582;199401;202599
613;202605;199471;202571
614;202521;199384;202705
615;202606;199331;202810
616;202780;199425;202739
617;202831;199633;202645
618;202889;199520;202704
619;202970;199574;202681
620;202924;199611;202806
621;202887;199542;202756
622;202831;199638;202708
623;202744;199770;202773
624;202837;199738;202731
625;202912;199782;202776
626;202949;199690;202816
627;202860;199586;202887
628;202771;199792;202985
629;202711;199761;202723
630;202855;199654;202808
631;202808;199702;203005
632;202829;199733;202930
633;202816;199711;202897
634;202930;199707;202929
635;202879;199741;203115
636;202859;199794;203141
637;202934;199803;203070
638;202933;199914;203013
639;202930;199946;203123
640;203050;199757;203183
641;203166;199867;203193
642;203134;199845;203110
643;203107;199866;203115
644;203123;199908;203181
645;203159;199936;203258
646;203161;199894;203277
647;203114;199908;203401
648;203053;199990;203387
649;202965;199954;203454
650;202899;199989;203350
651;202918;199972;203340
652;202930;200021;203412
653;203046;200044;203421
654;203089;199941;203480
655;203077;200003;203502
656;203130;200000;203488
657;203100;199984;203510
658;203165;200054;203552
659;203157;200032;203544
660;203265;200087;203586
661;203238;200084;203619
662;203320;200123;203606
663;203228;199998;203603
664;203358;200131;203647
665;203387;200209;203654
666;203328;200233;203620
667;203305;200254;203710
668;203404;200199;203792
669;203404;200247;203801
670;203479;200176;203706
671;203508;200207;203734
672;203496;200343;203707
673;203438;200327;203719
674;203460;200269;203873
675;203521;200336;203816
676;203524;200315;203813
677;203620;200420;203879
678;203473;200421;203929
679;203498;200424;203864
680;203675;200413;203937
681;203537;200496;203954
682;203599;200548;204040
683;203563;200524;203891
684;203556;200470;203958
685;203609;200458;203974
686;203617;200478;204116
687;203677;200533;204127
688;203619;200586;204132
689;203632;200578;204148
690;203709;200576;204070
691;203757;200615;204111
692;203658;200532;204001
693;203748;200425;204196
694;203859;200510;204056
695;203822;200489;204056
696;203738;200561;204046
697;203806;200576;204101
698;203746;200643;204204
699;203784;200540;204250
700;203850;200580;204336
701;203859;200558;204288
702;203885;200618;204242
703;203877;200666;204392
704;203963;200814;204302
705;203957;200754;204371
706;203920;200692;204471
707;203999;200759;204549
708;203960;200799;204430
709;203947;200774;204525
710;203924;200735;204407
711;203927;200915;204412
712;203906;200881;204431
713;203750;200697;204547
714;203823;200862;204665
715;203891;200937;204621
716;203910;200850;204527
717;203929;200854;204524
718;204103;201009;204460
719;203987;200983;204603
720;203956;200905;204615
721;204028;200997;204617
722;203995;200975;204611
723;204002;201022;204537
724;204036;201065;204640
725;204054;201130;204672
726;203917;201001;204774
727;203960;201098;204789
728;203947;201090;204852
729;204042;201183;204777
730;204029;201144;204886
731;204023;201089;204794
732;204019;201077;204812
733;204174;201183;204852
734;204135;201164;204825
735;204349;201259;204887
736;204369;201223;204834
737;204444;201182;204791
738;204445;201236;204759
739;204409;201261;204913
740;204388;201339;204951
741;204479;201348;205040
742;204512;201391;204998
743;204508;201340;204982
744;204502;201299;204955
745;204402;201392;204920
746;204484;201312;204847
747;204483;201377;204943
748;204443;201299;204994
749;204429;201305;204947
750;204550;201352;204950
751;204502;201444;204961
752;204611;201472;204994
753;204635;201349;205070
754;204557;201251;205080
755;204622;201346;205137
756;204616;201335;205169
757;204609;201445;205207
758;204634;201401;205163
759;204623;201484;205149
760;204652;201465;205165
761;204676;201482;205163
762;204610;201478;205241
763;204574;201609;205294
764;204425;201573;205238
765;204532;201614;205224
766;204459;201550;205192
767;204430;201541;205308
768;204479;201580;205433
769;204603;201591;205398
770;204588;201663;205420
771;204598;201689;205402
772;204629;201567;205340
773;204414;201738;205333
774;204491;201659;205328
775;204502;201654;205383
776;204657;201681;205333
777;204613;201714;205464
778;204771;201764;205457
779;204902;201783;205568
780;204825;201765;205567
781;204938;201672;205616
782;205024;201758;205605
783;204988;201821;205603
784;205060;201941;205588
785;204958;201816;205612
786;205073;201671;205651
787;205031;201685;205729
788;204980;201746;205678
789;204964;201672;205740
790;204984;201761;205731
791;204929;201866;205747
792;204880;201954;205711
793;204788;201908;205720
794;204973;201831;205745
795;205022;201867;205707
796;205025;201815;205768
797;205031;201820;205745
798;205021;201891;205765
799;205055;201967;205688
800;204933;201868;205660
801;205013;201959;205702
802;205035;201978;205695
803;205158;201950;205712
804;204931;202025;205757
805;204949;202064;205751
806;204819;201862;205722
807;204940;201867;205825
808;205003;202018;205684
809;205036;201962;205674
810;204987;202069;205775
811;205047;202063;205694
812;204967;202051;205803
813;204912;202115;205827
814;204896;202113;205767
815;204878;202162;205855
816;204913;202094;205950
817;204892;202105;205900
818;204924;202157;205919
819;205029;202146;205871
820;205006;202170;205966
821;205106;202154;205965
822;205141;202076;206001
823;205159;202146;205915
824;205160;202132;206003
825;205221;202024;206111
826;205071;202126;205940
827;205298;202000;206003
828;205197;202102;206077
829;205273;202103;206041
830;205269;202181;206069
831;205325;202227;206077
832;205296;202166;206110
833;205291;202044;206099
834;205246;202071;206203
835;205094;202053;206110
836;205157;202001;206112
837;205171;202099;206213
838;205107;202305;206302
839;205228;202199;206151
840;205150;202177;206183
841;205210;202154;206147
842;205183;202171;206282
843;205295;202238;206223
844;205242;202255;206198
845;205389;202279;206311
846;205208;202329;206242
847;205318;202286;206348
848;205130;202254;206375
849;205255;202239;206345
850;205294;202292;206324
851;205342;202277;206434
852;205379;202292;206485
853;205380;202438;206484
854;205510;202442;206402
855;205536;202470;206420
856;205531;202553;206406
857;205495;202410;206548
858;205452;202452;206485
859;205486;202434;206490
860;205464;202502;206344
861;205418;202461;206404
862;205463;202539;206378
863;205583;202494;206416
864;205477;202388;206373
865;205509;202320;206367
866;205580;202441;206407
867;205534;202279;206466
868;205567;202327;206476
869;205614;202351;206513
870;205596;202384;206503
871;205551;202382;206487
872;205451;202381;206497
873;205442;202434;206565
874;205570;202495;206762
875;205570;202551;206767
876;205516;202493;206633
877;205461;202609;206587
878;205511;202597;206723
879;205425;202645;206654
880;205566;202656;206794
881;205579;202707;206695
882;205611;202710;206744
883;205548;202746;206722
884;205584;202788;206753
885;205430;202625;206695
886;205488;202644;206652
887;205621;202582;206547
888;205580;202676;206668
889;205550;202771;206678
890;205584;202763;206706
891;205582;202726;206669
892;205515;202681;206715
893;205489;202630;206624
894;205568;202643;206567
895;205643;202579;206609
896;205724;202626;206666
897;205612;202600;206562
898;205716;202601;206617
899;205649;202533;206697
900;205675;202693;206611
901;205707;202696;206788
902;205677;202759;206712
903;205679;202595;206766
904;205653;202653;206860
905;205619;202796;206870
906;205705;202849;206857
907;205611;202752;206904
908;205595;202658;206861
909;205582;202597;206955
910;205671;202657;206979
911;205782;202678;206940
912;205707;202757;206954
913;205728;202741;206954
914;205789;202730;207025
915;205790;202695;206994
916;205849;202760;207013
917;205857;202804;206937
918;205848;202823;206920
919;205917;202898;206998
920;205923;202863;207109
921;205870;202812;206992
922;205746;202732;206948
923;205919;202859;206962
924;205790;202887;206924
925;205846;202800;206909
926;205812;202813;206991
927;205784;202791;206941
928;205776;202755;206969
929;205896;202761;206922
930;205909;202844;206912
931;206016;202868;207004
932;205880;202872;207053
933;205925;202952;206969
934;205902;202989;206955
935;205823;203039;207033
936;205807;203038;206966
937;205824;202989;206858
938;205747;203061;206959
939;205816;203098;206857
940;205776;203024;206928
941;205983;203022;206974
942;205990;203039;207021
943;205966;203097;207059
944;205945;203089;207135
945;206014;203136;207142
946;205963;203101;207114
947;205940;203051;207092
948;205881;203036;207259
949;205896;203071;207157
950;205854;203040;207096
951;205938;203015;207089
952;205974;203100;207147
953;205982;203069;207157
954;205987;203153;207043
955;206032;203023;206944
956;205927;203096;207101
957;205816;203086;207016
958;205837;203099;207017
959;205806;202958;207044
960;205912;203025;207051
961;205955;203070;206897
962;205890;203066;207026
963;205875;203064;206913
964;205890;202999;207009
965;206005;203147;207079
966;205950;203160;207073
967;206183;203272;207049
968;206046;203139;207063
969;206152;203310;207019
970;206211;203233;207095
971;206283;203266;207140
972;206297;203218;207209
973;206252;203157;207208
974;206318;203189;207238
975;206269;203156;207254
976;206451;203233;207222
977;206339;203208;207126
978;206252;203192;207209
979;206391;203153;207200
980;206316;203326;207210
981;206277;203295;207201
982;206225;203268;207107
983;206194;203275;207156
984;206154;203298;207114
985;206234;203257;207099
986;206205;203233;207051
987;206246;203315;207122
988;206158;203260;207129
989;206087;203238;207148
990;206188;203239;207105
991;206189;203291;207149
992;206271;203292;207127
993;206244;203245;207038
994;206089;203314;207206
995;206182;203430;207246
996;206123;203446;207249
997;206153;203478;207204
998;206233;203482;207262
999;206342;203433;207232
1000;206316;203470;207303
1001;206397;203499;207281
1002;206423;203630;207372
1003;206283;203596;207244
1004;206338;203562;207238
1005;206302;203556;207290
1006;206304;203581;207324
1007;206353;203482;207195
1008;206385;203596;207137
1009;206351;203578;207126
1010;206309;203477;207316
1011;206379;203560;207251
1012;206366;203645;207210
1013;206392;203550;207202
1014;206395;203397;207273
1015;206595;203519;207153
1016;206373;203566;207165
1017;206383;203614;207173
1018;206227;203645;207272
1019;206340;203546;207422
1020;206195;203611;207282
1021;206235;203551;207243
1022;206255;203565;207329
1023;206282;203733;207329
1024;206187;203753;207409
1025;206220;203720;207405
1026;206204;203782;207358
1027;206092;203769;207312
1028;206265;203767;207339
1029;206175;203744;207430
1030;206291;203637;207485
1031;206343;203682;207421
1032;206415;203707;207424
1033;206449;203746;207484
1034;206374;203860;207573
1035;206325;203823;207414
1036;206327;203851;207539
1037;206407;203848;207469
1038;206454;203827;207717
1039;206595;203879;207533
1040;206485;203879;207492
1041;206543;203833;207575
1042;206524;203796;207625
1043;206587;203779;207548
1044;206490;203759;207683
1045;206485;203704;207566
1046;206358;203739;207664
1047;206489;203837;207510
1048;206401;203732;207493
1049;206430;203745;207524
1050;206435;203763;207584
1051;206477;203920;207552
1052;206478;203844;207570
1053;206573;203871;207617
1054;206647;203829;207611
1055;206606;203887;207581
1056;206621;203771;207548
1057;206682;203791;207402
1058;206656;203945;207425
1059;206631;204066;207404
1060;206668;203972;207425
1061;206552;203888;207450
1062;206463;203913;207571
1063;206457;203935;207464
1064;206617;203910;207550
1065;206643;204052;207555
1066;206529;203872;207496
1067;206719;203906;207544
1068;206765;203850;207583
1069;206815;203836;207576
1070;206754;203811;207473
1071;206721;203852;207430
1072;206729;203885;207464
1073;206909;203969;207517
1074;206859;203917;207433
1075;206775;203868;207376
1076;206815;204020;207413
1077;206821;204026;207502
1078;206768;203992;207528
1079;206978;204118;207550
1080;206732;204087;207520
1081;206811;204069;207542
1082;206711;204096;207587
1083;206751;204091;207594
1084;206561;204068;207648
1085;206806;204157;207617
1086;206781;204088;207741
1087;206814;204141;207751
1088;206840;204179;207832
1089;206813;204286;207859
1090;206651;204296;207843
1091;206738;204224;207742
1092;206747;204245;207805
1093;206693;204173;207828
1094;206610;204129;207867
1095;206626;204199;207767
1096;206662;204144;207743
1097;206465;204169;207865
1098;206532;204227;207865
1099;206415;204056;207897
1100;206461;204185;207875
1101;206457;204237;207949
1102;206483;204244;207912
1103;206392;204191;208052
1104;206441;204127;208055
1105;206584;204211;207949
1106;206642;204182;208021
1107;206691;204175;207934
1108;206633;204146;207909
1109;206712;204269;207993
1110;206619;204315;208026
1111;206777;204217;208111
1112;206656;204207;208039
1113;206845;204308;207959
1114;206753;204202;208071
1115;206741;204257;208050
1116;206804;204275;207862
1117;206719;204272;207855
1118;206929;204273;207900
1119;206857;204217;207888
1120;206908;204272;207918
1121;206925;204341;207890
1122;206839;204377;207851
1123;206871;204413;207939
1124;206768;204405;208002
1125;206717;204441;208008
1126;206631;204364;207979
1127;206646;204424;207863
1128;206617;204420;207884
1129;206722;204361;208001
1130;206565;204342;207916
1131;206588;204319;208003
1132;206639;204204;208036
1133;206729;204227;207970
1134;206780;204218;207990
1135;206785;204356;208095
1136;206836;204297;208142
1137;206831;204374;208020
1138;206807;204366;208048
1139;206827;204425;207941
1140;206841;204490;208120
1141;206825;204399;207984
1142;206632;204550;207908
1143;206726;204462;208059
1144;206712;204471;208047
1145;206877;204459;208092
1146;206868;204529;208071
1147;206806;204464;208032
1148;206866;204443;208024
1149;206816;204386;208066
1150;206847;204496;208228
1151;206802;204395;208108
1152;206668;204436;208105
1153;206634;204506;208232
1154;206708;204433;208239
1155;206855;204421;208191
1156;206846;204412;208187
1157;206860;204444;208227
1158;206697;204418;208251
1159;206651;204427;208384
1160;206720;204430;208299
1161;206800;204483;208328
1162;206682;204450;208424
1163;206709;204319;208455
1164;206696;204351;208392
1165;206599;204454;208385
1166;206680;204427;208359
1167;206724;204513;208374
1168;206697;204449;208398
1169;206698;204509;208267
1170;206854;204490;208329
1171;206889;204432;208366
1172;206955;204429;208290
1173;206866;204422;208125
1174;206878;204534;208344
1175;206891;204544;208282
1176;206738;204455;208223
1177;206913;204581;208355
1178;206917;204612;208352
1179;206943;204552;208294
1180;206820;204577;208349
1181;206825;204628;208320
1182;206854;204640;208335
1183;206822;204541;208481
1184;206838;204608;208448
1185;206858;204594;208455
1186;206795;204562;208447
1187;206682;204656;208409
1188;206681;204625;208450
1189;206794;204622;208515
1190;206749;204554;208613
1191;206701;204488;208518
1192;206704;204619;208452
1193;206705;204683;208545
1194;206699;204700;208601
1195;206682;204727;208592
1196;206717;204665;208545
1197;206757;204669;208397
1198;206798;204648;208313
1199;206774;204645;208413
1200;206838;204647;208495
1201;206832;204686;208397
1202;206812;204798;208293
1203;206878;204723;208343
1204;206919;204862;208342
1205;206855;204751;208264
1206;206816;204897;208251
1207;206780;204899;208364
1208;206724;204914;208274
1209;206806;204876;208197
1210;206741;204915;208325
1211;206822;204892;208411
1212;206781;204921;208258
1213;206766;204822;208319
1214;206713;204934;208415
1215;206843;204801;208376
1216;206850;204772;208395
1217;206743;204764;208449
1218;206758;204916;208500
1219;206767;204765;208398
1220;206681;204828;208428
1221;206680;204769;208434
1222;206735;204676;208431
1223;206848;204708;208406
1224;206735;204770;208429
1225;206558;204723;208373
1226;206789;204780;208479
1227;206756;204756;208508
1228;206674;204785;208567
1229;206649;204840;208405
1230;206729;204841;208301
1231;206639;204817;208420
1232;206544;204740;208515
1233;206668;204784;208472
1234;206743;204803;208358
1235;206836;204759;208398
1236;206786;204841;208429
1237;206871;204836;208413
1238;206876;204815;208449
1239;206943;204908;208317
1240;206851;204973;208422
1241;206774;204952;208474
1242;206731;204914;208498
1243;206820;204851;208365
1244;206774;204875;208470
1245;206792;204910;208470
1246;206698;204831;208594
1247;206785;204875;208645
1248;206729;204787;208586
1249;206812;204792;208475
1250;206836;204922;208538
1251;206719;204877;208505
1252;206796;204959;208398
1253;206821;204978;208476
1254;206716;204901;208398
1255;206687;204762;208393
1256;206774;204881;208360
1257;206826;204882;208494
1258;206844;204950;208453
1259;206811;204907;208310
1260;206831;204952;208489
1261;206889;204962;208372
1262;206879;204870;208418
1263;206879;204891;208396
1264;206988;204992;208396
1265;206905;205078;208347
1266;206805;204859;208468
1267;206853;204890;208523
1268;206715;204954;208449
1269;206822;204865;208431
1270;206748;204953;208361
1271;206934;205027;208450
1272;206926;204885;208478
1273;206979;204872;208477
1274;206903;204949;208370
1275;206970;205014;208394
1276;206981;205076;208424
1277;206974;205067;208312
1278;206862;205042;208369
1279;206855;204945;208329
1280;206781;205156;208317
1281;206823;204999;208381
1282;206863;205062;208328
1283;206731;205029;208329
1284;206671;205056;208438
1285;206633;205026;208321
1286;206607;205076;208307
1287;206622;205096;208271
1288;206722;204991;208304
1289;206827;205089;208203
1290;206834;205135;208256
1291;206694;205221;208308
1292;206813;205033;208367
1293;206847;205056;208396
1294;206880;205097;208329
1295;206852;205185;208389
1296;206786;205179;208432
1297;206737;205169;208422
1298;206903;205152;208269
1299;206759;205119;208295
1300;206755;205248;208308
1301;206866;205181;208333
1302;206737;205173;208341
1303;206804;205140;208232
1304;206841;205117;208204
1305;206970;205152;208161
1306;206899;205057;208168
1307;206871;205196;208241
1308;206850;205314;208297
1309;206846;205265;208274
1310;206759;205222;208140
1311;206745;205200;208154
1312;206897;205082;208381
1313;206770;205107;208203
1314;206902;205237;208255
1315;206735;205115;208249
1316;206868;205163;208338
1317;206788;205091;208266
1318;206886;205198;208288
1319;206974;205217;208293
1320;207055;205208;208272
1321;207003;205153;208219
1322;207082;205092;208309
1323;206984;205140;208250
1324;207062;205170;208249
1325;207062;205268;208188
1326;207015;205135;208264
1327;207039;205260;208248
1328;207032;205194;208211
1329;206941;205240;208157
1330;206874;205187;208143
1331;206987;205113;208068
1332;206967;205178;207997
1333;206927;205172;208109
1334;206836;205160;208087
1335;206866;205247;208124
1336;206914;205224;208143
1337;206804;205104;208138
1338;206825;205113;208137
1339;206810;205194;208224
1340;206806;205304;208248
1341;206876;205231;208226
1342;206823;205207;208231
1343;206871;205261;208200
1344;206831;205289;208222
1345;206788;205222;208203
1346;206827;205249;208196
1347;206752;205417;208126
1348;206741;205580;208134
1349;206797;205549;208213
1350;206852;205401;208211
1351;206839;205444;208194
1352;206984;205374;208096
1353;206937;205362;208084
1354;206927;205235;208019
1355;206980;205262;208037
1356;207092;205343;208074
1357;207009;205198;208086
1358;206976;205229;207989
1359;206948;205287;208027
1360;206859;205377;208069
1361;206828;205260;208053
1362;206755;205280;208161
1363;206812;205349;208194
1364;206802;205293;208214
1365;206894;205291;208303
1366;207031;205448;208406
1367;207098;205444;208376
1368;207074;205398;208315
1369;207003;205323;208284
1370;207007;205311;208318
1371;207057;205366;208350
1372;206934;205377;208457
1373;206919;205247;208496
1374;207018;205174;208471
1375;207046;205182;208466
1376;206937;205144;208457
1377;207000;205155;208315
1378;207000;205187;208416
1379;207076;205220;208321
1380;207038;205256;208250
1381;207135;205360;208282
1382;207089;205327;208321
1383;207036;205211;208181
1384;207225;205201;208215
1385;207198;205223;208150
1386;207317;205311;208147
1387;207043;205299;208221
1388;206978;205354;208223
1389;207074;205240;208159
1390;206981;205236;208198
1391;207009;205287;208084
1392;206905;205314;208085
1393;206892;205385;208137
1394;206877;205349;208256
1395;206765;205354;208209
1396;206773;205312;208287
1397;206740;205329;208209
1398;206802;205305;208308
1399;206910;205390;208340
1400;206878;205396;208248
1401;206965;205408;208184
1402;207036;205287;208300
1403;207047;205285;208356
1404;207052;205311;208306
1405;207073;205374;208296
1406;207106;205371;208287
1407;207028;205366;208334
1408;207017;205371;208374
1409;207189;205291;208345
1410;207048;205309;208319
1411;207028;205316;208201
1412;207124;205384;208295
1413;207100;205388;208298
1414;206990;205415;208252
1415;206980;205351;208228
1416;206960;205420;208279
1417;207046;205437;208299
1418;207090;205500;208172
1419;207022;205385;208293
1420;206990;205443;208318
1421;207023;205383;208393
1422;207083;205270;208509
1423;207236;205332;208347
1424;207158;205415;208398
1425;207273;205495;208459
1426;207007;205538;208395
1427;207173;205426;208351
1428;207106;205479;208404
1429;207040;205336;208423
1430;207005;205398;208393
1431;207001;205411;208309
1432;207048;205373;208193
1433;206943;205346;208347
1434;207017;205462;208403
1435;206966;205361;208380
1436;207107;205342;208377
1437;207089;205375;208387
1438;206999;205382;208316
1439;207026;205262;208379
1440;207126;205313;208294
1441;207261;205326;208271
1442;207127;205385;208319
1443;207088;205512;208376
1444;207054;205437;208382
1445;207022;205483;208404
1446;206702;205424;208365
1447;206899;205425;208482
1448;206837;205301;208484
1449;206882;205396;208557
1450;206794;205465;208662
1451;206915;205482;208532
1452;206827;205486;208560
1453;206850;205408;208528
1454;206930;205427;208614
1455;207117;205533;208516
1456;206968;205535;208498
1457;206996;205409;208335
1458;206947;205496;208511
1459;206918;205396;208497
1460;206973;205447;208328
1461;206946;205395;208240
1462;207090;205378;208314
1463;207027;205334;208286
1464;207070;205409;208255
1465;207031;205332;208195
1466;207069;205343;208285
1467;207043;205466;208084
1468;207064;205471;208202
1469;206924;205416;208200
1470;206925;205355;208262
1471;206942;205447;208202
1472;206885;205513;208177
1473;206891;205444;208244
1474;206915;205478;208304
1475;207063;205460;208393
1476;207151;205305;208407
1477;207073;205355;208441
1478;207198;205449;208321
1479;207153;205421;208496
1480;207138;205386;208396
1481;207106;205335;208349
1482;207068;205379;208424
1483;206985;205498;208496
1484;206894;205386;208352
1485;207024;205439;208423
1486;207062;205324;208269
1487;206983;205317;208288
1488;207004;205432;208181
1489;207011;205433;208241
1490;207064;205459;208392
1491;206965;205488;208389
1492;206953;205481;208253
1493;206964;205499;208213
1494;206887;205349;208263
1495;206930;205471;208245
1496;206876;205385;208268
1497;206737;205345;208323
1498;206672;205408;208364
1499;206652;205413;208248
1500;206604;205469;208252
1501;206525;205347;208365
1502;206492;205374;208450
1503;206669;205446;208404
1504;206678;205431;208377
1505;206760;205463;208364
1506;206661;205476;208423
1507;206824;205478;208398
1508;206753;205535;208425
1509;206861;205481;208353
1510;206792;205472;208472
1511;206913;205428;208379
1512;206855;205464;208380
1513;206886;205468;208412
1514;206798;205482;208449
1515;206828;205547;208523
1516;206769;205515;208563
1517;206804;205494;208338
1518;206757;205517;208401
1519;206730;205565;208405
1520;206729;205539;208337
1521;206719;205500;208287
1522;206638;205472;208335
1523;206770;205545;208305
1524;206763;205511;208270
1525;206881;205510;208195
1526;206757;205577;208270
1527;206901;205407;208197
1528;206825;205386;208196
1529;206968;205581;208271
1530;206917;205525;208331
1531;206946;205570;208326
1532;206828;205653;208217
1533;206916;205430;208276
1534;206912;205426;208220
1535;206854;205369;208245
1536;207116;205452;208158
1537;207054;205392;208286
1538;207051;205445;208315
1539;206958;205473;208347
1540;207020;205357;208293
1541;206959;205435;208349
1542;206968;205405;208240
1543;206971;205493;208318
1544;206913;205416;208223
1545;206931;205504;208235
1546;206803;205411;208139
1547;206753;205405;208234
1548;206750;205486;208356
1549;206625;205454;208183
1550;206658;205531;208255
1551;206759;205541;208366
1552;206785;205368;208424
1553;206717;205434;208300
1554;206733;205370;208396
1555;206749;205481;208386
1556;206739;205489;208453
1557;206786;205541;208494
1558;206716;205671;208500
1559;206720;205505;208426
1560;206685;205504;208549
1561;206784;205521;208495
1562;206703;205639;208471
1563;206628;205540;208467
1564;206606;205697;208352
1565;206662;205621;208313
1566;206704;205614;208377
1567;206657;205532;208458
1568;206568;205563;208419
1569;206697;205532;208294
1570;206629;205606;208413
1571;206746;205531;208273
1572;206678;205611;208195
1573;206812;205588;208316
1574;206758;205559;208241
1575;206720;205591;208372
1576;206736;205575;208388
1577;206678;205530;208366
1578;206803;205527;208272
1579;206680;205624;208284
1580;206784;205638;208279
1581;206724;205650;208282
1582;206878;205567;208301
1583;206922;205689;208338
1584;206828;205620;208322
1585;206904;205572;208403
1586;206858;205674;208303
1587;206845;205623;208258
1588;206867;205583;208266
1589;206892;205622;208260
1590;206806;205636;208293
1591;206671;205587;208277
1592;206781;205714;208164
1593;206678;205699;208200
1594;206782;205579;208186
1595;206744;205675;208192
1596;206819;205567;208211
1597;206709;205564;208139
1598;206810;205669;208179
1599;206713;205644;208242
1600;206707;205645;208230
1601;206628;205615;208212
1602;206613;205497;208120
1603;206566;205533;208146
1604;206700;205521;208201
1605;206624;205647;208209
1606;206561;205514;208193
1607;206620;205481;208304
1608;206602;205607;208349
1609;206498;205478;208330
1610;206611;205491;208271
1611;206544;205462;208310
1612;206532;205466;208281
1613;206451;205509;208290
1614;206534;205548;208469
1615;206545;205474;208345
1616;206626;205508;208357
1617;206632;205650;208285
1618;206614;205527;208166
1619;206789;205580;208197
1620;206439;205578;208177
1621;206507;205635;208119
1622;206497;205711;208204
1623;206559;205607;208178
1624;206668;205677;208239
1625;206583;205565;208132
1626;206545;205537;208166
1627;206435;205599;208268
1628;206489;205565;208230
1629;206518;205445;208211
1630;206664;205552;208208
1631;206582;205654;208191
1632;206537;205555;208211
1633;206699;205584;208218
1634;206748;205534;208357
1635;206680;205500;208308
1636;206557;205419;208291
1637;206624;205459;208292
1638;206628;205479;208269
1639;206623;205559;208142
1640;206425;205417;208119
1641;206540;205392;208187
1642;206509;205499;208303
1643;206538;205552;208209
1644;206523;205472;208234
1645;206506;205546;208196
1646;206494;205557;208298
1647;206483;205629;208137
1648;206422;205511;208204
1649;206517;205518;208176
1650;206412;205588;208226
1651;206481;205557;208096
1652;206473;205528;208175
1653;206530;205509;208123
1654;206524;205409;208054
1655;206594;205621;207982
1656;206694;205686;207944
1657;206638;205652;207912
1658;206686;205411;207882
1659;206632;205493;207870
1660;206709;205460;207915
1661;206533;205473;207971
1662;206599;205513;208049
1663;206489;205511;208004
1664;206552;205516;207936
1665;206529;205489;207973
1666;206678;205510;207887
1667;206554;205554;207898
1668;206653;205508;207999
1669;206536;205447;207909
1670;206704;205444;208003
1671;206620;205547;208115
1672;206564;205575;207981
1673;206474;205406;208078
1674;206474;205454;207996
1675;206375;205435;207916
1676;206361;205487;207957
1677;206370;205521;208012
1678;206364;205444;207941
1679;206399;205503;207870
1680;206337;205462;207937
1681;206295;205485;207768
1682;206361;205432;207807
1683;206507;205536;207790
1684;206450;205546;207843
1685;206539;205610;208060
1686;206518;205449;207950
1687;206461;205516;207980
1688;206479;205479;207999
1689;206415;205393;207961
1690;206405;205455;207948
1691;206425;205435;208102
1692;206331;205478;208129
1693;206444;205422;208126
1694;206451;205425;208162
1695;206411;205423;208119
1696;206413;205503;208066
1697;206435;205518;208113
1698;206442;205485;208143
1699;206438;205405;208098
1700;206411;205419;208002
1701;206430;205341;208013
1702;206471;205364;208017
1703;206479;205420;208012
1704;206397;205392;208070
1705;206315;205545;207977
1706;206298;205502;207815
1707;206390;205294;207911
1708;206424;205353;208089
1709;206423;205440;207943
1710;206319;205471;207938
1711;206268;205461;207972
1712;206255;205537;208060
1713;206278;205507;208120
1714;206384;205592;208166
1715;206388;205431;208108
1716;206383;205546;208126
1717;206287;205489;208117
1718;206336;205535;208040
1719;206259;205491;208078
1720;206315;205530;208074
1721;206330;205516;208038
1722;206370;205501;207970
1723;206292;205391;208125
1724;206311;205381;208267
1725;206332;205465;208125
1726;206270;205404;208002
1727;206162;205446;208008
1728;206162;205293;207930
1729;206213;205317;208022
1730;206143;205297;207890
1731;206189;205314;207946
1732;206214;205312;207998
1733;206307;205352;208067
1734;206164;205260;208039
1735;206098;205265;207962
1736;206072;205176;207883
1737;206068;205269;207930
1738;206044;205222;207975
1739;205983;205286;207988
1740;205979;205344;208013
1741;205910;205310;207967
1742;206042;205361;207912
1743;206026;205372;207909
1744;206088;205296;208027
1745;206224;205385;207932
1746;206191;205293;207899
1747;206155;205283;207969
1748;206116;205236;208030
1749;206180;205347;208033
1750;206160;205285;208121
1751;206199;205351;208126
1752;206207;205326;208055
1753;206221;205273;207959
1754;206246;205197;208040
1755;206246;205300;208006
1756;206015;205365;207770
1757;206044;205237;207910
1758;206147;205173;207935
1759;206169;205260;208024
1760;206054;205239;208007
1761;206056;205274;207924
1762;206101;205204;207945
1763;206117;205301;207936
1764;205950;205319;207969
1765;205955;205311;208065
1766;205974;205262;207988
1767;205974;205251;207898
1768;205957;205297;207939
1769;206089;205330;208094
1770;206157;205350;208172
1771;206099;205340;208138
1772;206037;205256;208082
1773;206101;205263;208045
1774;205950;205278;208172
1775;205985;205267;208046
1776;205988;205415;207998
1777;205981;205384;208025
1778;206074;205242;208064
1779;206084;205245;207906
1780;206092;205324;207991
1781;206015;205214;207982
1782;206074;205221;207846
1783;206058;205201;207808
1784;205993;205312;207804
1785;205930;205284;207762
1786;206003;205385;207745
1787;206001;205373;207805
1788;205965;205322;207586
1789;205914;205271;207607
1790;205957;205253;207649
1791;205834;205259;207723
1792;205866;205271;207760
1793;205958;205331;207929
1794;205976;205269;207935
1795;205978;205207;207857
1796;205927;205295;207898
1797;205886;205252;207840
1798;205904;205208;207765
1799;206029;205246;207905
1800;205908;205278;207803
1801;206038;205378;207804
1802;206044;205245;207831
1803;206000;205180;207771
1804;205990;205232;207805
1805;205953;205289;207834
1806;205906;205290;207798
1807;205965;205194;207604
1808;206025;205223;207558
1809;206006;205244;207601
1810;206038;205285;207608
1811;205852;205256;207605
1812;205933;205212;207602
1813;205916;205249;207585
1814;205948;205161;207479
1815;205918;205096;207562
1816;205836;205110;207578
1817;205933;205146;207676
1818;205829;205200;207764
1819;205853;205091;207675
1820;205910;205146;207784
1821;206074;205118;207713
1822;205963;205087;207796
1823;205955;205149;207919
1824;206000;205146;207928
1825;205915;205143;207847
1826;206066;205150;207931
1827;206021;205077;207903
1828;206105;205088;207884
1829;206069;205120;207907
1830;206107;205111;207806
1831;206091;205185;207856
1832;206065;205255;207759
1833;206014;205181;207706
1834;206013;205193;207796
1835;206056;205145;207651
1836;206051;205249;207668
1837;205839;205047;207834
1838;205955;205106;207734
1839;205888;205177;207767
1840;205794;205144;207678
1841;205802;205151;207662
1842;205786;205182;207586
1843;205774;205086;207539
1844;205811;205048;207488
1845;205681;205142;207611
1846;205672;205146;207593
1847;205746;205156;207671
1848;205766;205132;207601
1849;205657;205023;207624
1850;205637;205106;207654
1851;205721;205193;207497
1852;205728;205111;207539
1853;205790;205122;207567
1854;205795;205114;207533
1855;205655;205180;207483
1856;205752;205105;207553
1857;205683;205115;207538
1858;205745;205032;207501
1859;205774;205017;207586
1860;205749;205076;207517
1861;205786;205109;207521
1862;205681;205089;207438
1863;205717;205092;207444
1864;205591;205164;207479
1865;205681;205212;207422
1866;205585;205151;207357
1867;205690;205188;207366
1868;205689;205233;207416
1869;205590;205194;207419
1870;205619;205087;207409
1871;205619;205176;207327
1872;205708;205154;207378
1873;205810;205119;207289
1874;205762;205111;207506
1875;205770;205092;207355
1876;205869;205105;207408
1877;206023;205099;207487
1878;206031;205067;207449
1879;205991;205069;207334
1880;205835;205002;207418
1881;205918;204971;207505
1882;205814;204985;207519
1883;205847;205104;207434
1884;205792;205050;207323
1885;205887;205164;207262
1886;205759;205111;207264
1887;205804;205096;207310
1888;205870;205051;207188
1889;205633;205128;207281
1890;205715;205000;207239
1891;205615;205095;207149
1892;205512;205127;207257
1893;205514;205152;207209
1894;205462;205185;207063
1895;205521;205170;207079
1896;205524;205208;207138
1897;205487;205121;207122
1898;205524;205140;207141
1899;205479;205047;207207
1900;205479;205153;207199
1901;205492;205121;207212
1902;205482;205147;207235
1903;205367;205069;207290
1904;205284;204983;207203
1905;205251;205007;207341
1906;205294;205097;207282
1907;205322;204990;207375
1908;205275;205046;207359
1909;205428;204997;207400
1910;205400;204898;207232
1911;205450;204984;207186
1912;205405;204929;207266
1913;205433;204784;207215
1914;205453;204863;207233
1915;205377;204904;207242
1916;205456;205084;207257
1917;205439;204933;207071
1918;205396;204991;207125
1919;205309;205034;207163
1920;205195;204930;206995
1921;205185;204922;206967
1922;205289;204934;207032
1923;205294;204945;206955
1924;205382;204933;206780
1925;205296;205028;206924
1926;205381;204884;206973
1927;205385;204824;206902
1928;205381;204989;206922
1929;205306;204915;207007
1930;205249;204789;207012
1931;205191;204879;207021
1932;205342;204845;206978
1933;205290;204902;207054
1934;205277;204934;207124
1935;205247;204975;207091
1936;205228;205008;207119
1937;205448;205048;207185
1938;205329;204946;207196
1939;205342;204976;207045
1940;205275;204963;207095
1941;205319;205033;207047
1942;205287;205012;207071
1943;205330;205033;206991
1944;205294;205093;207006
1945;205366;205076;206919
1946;205310;205152;206816
1947;205312;205175;206822
1948;205158;205137;206816
1949;205166;205002;206717
1950;205302;204982;206777
1951;205321;205089;206707
1952;205249;204989;206824
1953;205194;204938;206833
1954;205052;204883;206781
1955;205000;204855;206783
1956;205036;204942;206860
1957;204997;204976;206872
1958;204969;204918;206945
1959;204998;204824;206965
1960;205027;204836;206986
1961;204959;204861;206945
1962;205046;204960;206978
1963;205053;204903;206936
1964;205149;204929;206980
1965;205122;204769;206917
1966;205008;204875;206935
1967;205069;204765;207013
1968;205089;204834;206970
1969;205052;204857;206951
1970;205057;204892;206908
1971;205088;204986;206868
1972;205109;204923;206849
1973;204939;204926;206837
1974;204955;204926;206850
1975;205119;204892;206857
1976;205115;204833;206957
1977;205075;204860;206872
1978;205037;204735;206718
1979;205057;204965;206804
1980;205032;204878;206964
1981;205031;204867;206992
1982;205045;204890;206917
1983;205129;205028;206854
1984;205023;205044;206951
1985;205057;205031;206933
1986;205127;205037;206921
1987;205015;205039;206952
1988;205108;205069;206960
1989;205081;205022;206895
1990;205024;205042;206864
1991;204810;205035;206882
1992;204900;204952;206925
1993;204961;204865;206970
1994;205027;204856;206880
1995;204907;204760;206813
1996;205021;204840;206748
1997;204967;204911;206769
1998;204939;204873;206750
1999;204842;204989;206819
2000;204921;204871;206813
2001;204971;204849;206844
2002;204878;204845;206805
2003;204891;204867;206802
2004;204933;204894;206776
2005;204892;204888;206684
2006;204902;205088;206675
2007;204899;204971;206718
2008;205033;204908;206793
2009;205092;204862;206787
2010;204908;204925;206792
2011;204975;204909;206809
2012;204913;204928;206756
2013;204892;204883;206761
2014;204948;204920;206781
2015;204995;204860;206772
2016;204911;204826;206752
2017;204912;204874;206656
2018;204910;204895;206572
2019;204966;204913;206580
2020;205058;204772;206611
2021;204931;204875;206659
2022;205055;204735;206571
2023;204957;204799;206611
2024;205051;204906;206605
2025;205004;204959;206608
2026;205102;204824;206684
2027;204854;204690;206716
2028;204771;204613;206680
2029;204736;204659;206685
2030;204699;204826;206680
2031;204677;204717;206712
2032;204737;204695;206790
2033;204726;204717;206787
2034;204681;204732;206680
2035;204689;204713;206694
2036;204618;204753;206695
2037;204718;204715;206663
2038;204759;204767;206746
2039;204756;204814;206687
2040;204691;204735;206662
2041;204643;204632;206652
2042;204759;204796;206693
2043;204637;204791;206684
2044;204673;204749;206651
2045;204854;204827;206555
2046;204632;204718;206471
2047;204706;204717;206542
2048;204581;204871;206465
